SERIE,FECHA,X,Y,HOJA_IGM,UBICACION,PERFIL_NRO,GRAN_GRUPO SUBGRUPO
Aaron Castellanos,01/01/1900,-61.85000000,-34.17250000,"3563-5-2,Sancti Spiritu.",13.5 Km. al SSE de la Estacion Sancti Spiritu FGBM.,,Natralbol Tipico
Abbot,26/05/1971,-58.16166667,-35.45722222,"3757-25-2, Altamirano",11.5 Km. al SW de Estacion Altamirano,1/1785-C,Argiudol Acuico
Agustin Roca,17/03/1967,-60.74305556,-34.46194444,"3560-8-2, Ines Indart",13 Km. al SSW de los Indios,13/656-C,Natralbol Tipico
Alejandro Korn,24/10/1969,-58.48750000,-35.13611111,"3557-19-1,San Vicente",8 Km. al SE de la localidad de San Vicente,13/1255-C,Argiacuol Tipico
Alem,15/11/1979,-61.48555556,-34.51583333,"3560-27-3, Valdez",8 Km. al W de la localidad de Leandro N. Alem,16/971-C,Argiudol Tipico
Ameghino,01/01/1900,-62.40555556,-34.85555556,"3563-17-3, Ameghino","6,300 Km. al ESE de la localidad de  Ameghino",37-C,Hapludol Entico
Amenabar,01/01/1900,-62.20000000,-34.10666667,"3563-5-2,Sancti Spiritu.","11,5 Km.al SSE de la Estacion Sancti Spiritu FCBM.",789-C,Natracualf Tipico
Apead. Las Vaquerias,01/01/1900,-60.26666667,-38.25000000,"3960-3-3,Apeadero Las Vaquerias",26.5 Km. al SW de la localidad de Gonzalez Chavez,25/1294-C,Natralbol Tipico
Alta Vista,01/01/1900,-62.87500000,-37.63666667,"3763-28-3, Puan",13.5 Km. al SSW de la localidad de Puan,23-1323-C,Haplustol Petrocalcico
Arrecifes,16/11/1965,-59.78472222,-34.07833333,"3560-4-1,Capitan Sarmiento",12 Km. al Norte de la localidad de  Capitan Sarmiento,RP9-280-C,Argiudol Tipico
Arroyo Chico,01/01/1900,-57.10722222,-37.33138889,"3757-21-4, Estacion Macedo","11,5 Km. al SE de Estacion Macedo",8/2424-C,Natracuert Tipico
Arroyo Corto,01/01/1900,-62.31027778,-37.65416667,"3763-29-3,Pigue",9.8 Km al SSE de la localidad de Pigue,23/1363-C,Hapludol Cumulico
Arroyo De Zabala,01/01/1900,-59.51722222,-38.45222222,"3960-10-2, San Cayetano",13.5 Km. al SE de la localidad de San Cayetano,23/584-C,Hapludol Entico
Arroyo Dulce,18/11/1965,-60.41666667,-34.10277778,"3560-3-1,Arroyo Dulce",750 m. al WSW de Estacion Arroyo Dulce,11/347-C,Argiudol Tipico
Arroyo Juarez,01/01/1900,-60.45833333,-33.63472222,"3360-27-3, Conesa",5 Km. al NW de la Estacion Guerrico,7/450-C,Natracualf Molico
Arroyo Pantanoso,01/01/1900,-58.26250000,-37.80833333,"3757-31-2,Sierra Bachicha","18,5 Km. al NNE del cruce de las rutas 226 y 55",4/957-C,Natralbol Tipico
Atalaya,01/01/1900,-57.53500000,-35.04833333,"3557-20-2,Magdalena",4.2 Km. al NNW de la localidad de Magdalena,9/2319-C,Fluvacuent Tipico
Atucha,01/01/1900,-59.42444444,-33.83333333,"3360-35-3,Alsina",5 Km. NW de la Estacion Alsina del F.C.G.B.M,R.P.6/207-C,Argiudol Tipico
Azcuenaga,01/01/1900,-59.33333333,-34.21972222,"3560-11-1,San Andres de Giles","6,9 Km. al W de Estacion Villa Ruiz del F.C.G. Urquiza",RP5/574-C,Natracualf Tipico
Azul,01/01/1900,-59.83472222,-37.21805556,"3760-22-3, Chillar",2 Km. al NW de la Estacion Martin Fierro Ea.San Ramon,2/1532-C,Paleudol Petrocalcico
Bahia de Samborombon,01/01/1900,-57.11500000,-36.27638889,"3757-3-4,Desemb.Canal 1",500 m al NW de la Desembocadura del Canal No 1,16/173-C,Natracuert Tipico
Balbin,01/01/1900,-62.80777778,-34.45722222,"3763-10-1,Tres Lomas",15 Km. al ESE de la Estacion Canada Seca,15-C,Natracuol Durico
Balcarce,01/01/1900,-58.02222222,-37.82166667,"3757-31-2,Sierra Bachicha",17 Km. al E del cruce de las rutas 226 y 55 Ea. El Volcan,4/963-C,Paleudol Petrocalcico
Barker,01/01/1900,-59.26666667,-37.46666667,"3760-29-1,Azucena",Estancia Los Corrales,10/2298-C,Argiudol Calcico
Blanca Chica,01/01/1900,-60.45277778,-36.84444444,"3760-15-3, Olavarria",12.4 Km. al NNW de Olavarria,7/1743-C,Hapludol Tapto Argico
Bolivar,01/01/1900,-60.45333333,-35.69583333,"3560-33-1,San Enrique",13.5 Km. al NW de la localidad de San Enrique,3/1437-C,Hapludol Entico
Bragado,01/01/1900,-60.37750000,-35.09888889,"3560-21-1,Bragado",10 Km. al E de la localidad de Bragado,16/736-C,Hapludol Tipico
Brandsen,01/01/1900,-58.44722222,-35.42222222,"3557-19-3,Loma Verde",14.4 Km. al NNE de Estacion Loma Verde,9/1431-C,Argiudol Abruptico
Cachari,01/01/1900,-59.37500000,-36.39027778,"3760-11-1,Cachari Este","9.2 Km. al E de Entrada Estacion Cachari, S/Ruta 3",13/1907-C,Hapludol Tapto Natrico
Canada Honda,01/01/1900,-59.14722222,-34.09166667,"3560-5-3,San Antonio de Areco",7 Km. al E de la locallidad de San Antonio de Areco,8/146-C,Argiudol Acuico
Canada Seca,01/01/1900,-62.57000000,-34.73888889,"3563-10-4,Colonia Basavilbaso",11.5 Km  al SW de Saboya,14/C,Hapludol Tapto Argico
Canal Siete,01/01/1900,-57.33472222,-37.61750000,"3757-27-3, Laguna Mar Chiquita",6 Km. al SE del cruce de ruta 11 y canal 7,8/1693-C,Hapludol Acuico
Capilla Del Senor,01/01/1900,-59.13027778,-34.28666667,"3560-5-4,Capilla del Senor",3 Km. al W de la localidad de Capilla del Senor,8/149-C,Argiudol Vertico
Capitan Sarmiento,01/01/1900,-59.61111111,-34.22222222,"3560-4-4,Duggan","2.3 Km.  ESE de Estacion Duggan, F.C.G.B.M.",RP.10/148-C,Argiudol Tipico
Carabelas,01/01/1900,-60.83611111,-34.01388889,"3560-2-1,Carabelas",8.5 Km. al NE de la localidad de Carabelas,07/79-C,Argiudol Acuico
Carhue,01/01/1900,-62.98166667,-37.18833333,"3763-22-3,Adolfo Alsina",4 Km. al WSW de la Estancia Sanquico,23-1297-C,Argiacuol Vertico
Carlos Salas,01/01/1900,-62.95472222,-35.41888889,"3563-30-1,Carlos Salas",5.5 Km al SE de la localidad de Carlos Salas,23/1253-C,Hapludol Tapto Natrico
Carlos Tejedor,01/01/1900,-61.93083333,-35.78833333,"3563-36-1, Pehuajo","4 Km. al NNW de la localidad de Pehuajo, Ea .de Errea Hnos.",23/1245-C,Hapludol Tipico
Cascada,01/01/1900,-62.41166667,-37.18666667,"3763-23-3,Cascada",9 Km. al NNE de Estancia 15 de  Abril.,23-1353-C,Argiudol Tipico
Castelli,01/01/1900,-57.95555556,-36.14305556,"3757-2-1,Castelli",25 Km. al W de la localidad de  Castelli,26/50-C,Natracuol Tipico
Chacabuco,01/01/1900,-60.27277778,-34.53527778,"3560-9-3, Chacabuco","22 Km. al ENE de Chacabuco, Ea. El Juncal de Strugamou",RP10/437-C,Argiudol Tipico
Chascomus,01/01/1900,-57.91666667,-35.63333333,"3557-26-3,Laguna Yalca","17,65 Km. ESE de la localidad de Chascomus",1/1998-C,Argiudol Acuico
Chelforo,01/01/1900,-58.30000000,-36.98333333,"3757-13-4,Labarden",7 Km. al WSW de la localidad de Labarden,21/196-C,Natracualf Tipico
Christophersen,01/01/1900,-62.20444444,-34.15527778,"3563-5-2,Sancti Espiritu","15,5 Km. al S de Estacion Sancti Spiritu, FGRM.",790-C,Duracuol Natrico
Chocori,01/01/1900,-58.16500000,-38.34500000,"3957-7-2,Centinela Del Mar",2 Km. al NW de la Administracion de la Estancia Bellamar.,8/451-C,Argiacuol Vertico
Chovet,01/01/1900,-61.55277778,-33.82500000,"3363-30-4,Chovet",3 Km. al SW de la localidad de  Chovet.,,Argiudol Tipico
Cinco Cerros,01/01/1900,-58.51833333,-38.00722222,"3960-6-2, El Moro",12.5 Km. al NNE de la Estacion El Moro,23/286-C,Paleudol Petrocalcico
Claudio Molina,01/01/1900,-60.11666667,-38.41250000,"3960-9-2,Ea. Las Tres Lagunas",Estancia Tres Lagunas del Sr. Dicroce,25/1934-C,Hapludol Tipico
Cmte.N.Otamendi,01/01/1900,-57.91916667,-38.14333333,"3957-2-1,Cte.Nicanor Otamendi","7,5 Km. al SW de Cmte. N. Otamendi. Ea. Ita Cura",5/251-C,Natralbol Tipico
Cobo,01/01/1900,-57.19638889,-37.36444444,"3757-27-2,Faro Querandi","13,5 Km. al SE del Faro Querandi",8/1872-C,Hapludol Tapto Argico
Copetonas,01/01/1900,-60.33888889,-38.80388889,"3960-15-1,Copetonas",12.5 Km. al SE de Estacion Copetonas.,25/1944-C,Argiudol Litico
Coronel Bunge,01/01/1900,-60.70000000,-37.46666667,"3760-26-3,Laprida",12.3 Km. al NE de la localidad Laprida.,52-C,Natracualf Molico
Coronel Vidal,01/01/1900,-57.27277778,-37.20750000,"3757-21-3,Lag. Del Maestro",25 Km. al SSW de la localidad General Madariaga,8/2422-C,Natracuol Tipico
Corrales,01/01/1900,-62.46666667,-34.53750000,"3563-11-3,Blaquier","10.5 Km. al N de Estacion Blaquier, Ea. Corrales.",11-C,Argiudol Acuico
Cristiano Muerto,01/01/1900,-59.52472222,-38.47861111,"3960-10-2,San Cayetano",16.5 Km. al SE de la localidad San Cayetano,23/582-C,Hapludol Tapto Natrico
Cruzada,01/01/1900,-60.86666667,-37.53333333,"3760-26-3,Laprida","6,5 Km. al WNW de la localidad de Laprida, Ea. Cruzada",8-C,Natrudol Petrocalcico
Cura Malal,01/01/1900,-62.16888889,-37.78638889,"3763-35-4,Ea. Gran Chaco",10.5 Km. al ENE de la localidad de Dufaur. Ea. Lola,23/1347-C,Haplustol Tipico
Delgado,20/07/1966,-61.25555556,-34.16111111,"3560-1-1,Estacion Teodelina",3 Km. al NW de la Estacion Delgado F.C.G.B.,8/386-C,Argiudol Tipico
Dolores,01/01/1900,-57.44750000,-36.23944444,"3757-3-3,Ea. Santa Lucia",5.5 Km. al NW de Estancia Santa Lucia.,16/179-C,Natracuert Tipico
Drabble,01/01/1900,-62.57000000,-34.73888889,"3563-16-2,Santa Eleodora","12.5 Km. al ESE de Est. Santa Eleodora, Estancia La Porfia.",48-C,Natracuol Tipico
Dufaur,01/01/1900,-62.37833333,-37.96638889,"3763-35-3,Dufaur",8.25 Km. al SSW de la localidad de Dufaur.,23/1346-C,Argiustol Tipico
Ea.Aldecoa,01/01/1900,-61.14166667,-37.17111111,"3760-19-4,Las Martinetas",14.7 Km. al NE de la localidad de General Lamadrid.,23/807-C,Argiudol Acuico
Ea.La Angelita,01/01/1900,-63.28000000,-35.62916667,"3563-27-3,Gonzalez Moreno","Hoja 3563-27, Gonzalez Moreno.",C-60,Hapludol Entico
Ea.La Chana,01/01/1900,-63.54444444,-36.29027778,"3563-27-3,Gonzalez Moreno","Hoja 3763-3, Pellegrini",C-76,Natracuol Tipico
Ea.La Criolla,01/01/1900,-63.13222222,-35.64888889,"3563-33-2,Fortin Olavarria","Hoja 3563-33, Fortin Olavarria",C-63,Halacuert Aerico
Ea. La Margarita,01/01/1900,-59.35166667,-38.50222222,"3960-11-1,Ramon Santamarina",5.6 Km. al S SW de la localidad de Ramon Santamarina,25/1270-C,Halacuert Molico
Ea. La Victoria,01/01/1900,-57.41861111,-36.41888889,"3757-9-1,Estancia La Victoria",12 Km. al E de la localidad de Gral. Conesa,16/386-C,Natracuert Tipico
Ea.La Salada,01/01/1900,-59.97500000,-36.70777778,"3960-16-1,Orense",18 Km. al W de la localidad de Orense,23/598-C,Natralbol Tipico
Ea.Los Manantiales,01/01/1900,-62.60333333,-37.53166667,"3763-28-4, Alta Vista",15.4 Km. al E de la localidad de Puan,23/1336-C,Haplustol Paquico
Ea.Melamed,01/01/1900,-63.26055556,-37.24888889,"3763-21, Rivera",8.5 Km. al S de Estacion Rivera,90-C,Endoacuol Litico
Ea.Ojo De Agua,01/01/1900,-62.54361111,-37.63888889,"3763-28-4, Alta Vista",13.7 Km. al E de Estacion Alta Vista,23/1341-C,Haplustol Litico
Ea.Renana,01/01/1900,-63.34250000,-34.47027778,"3563-9-1,Melo","Hoja 3563-9, Melo",28-C,Natracualf Molico
Ea.San Baldomero,01/01/1900,-63.14944444,-36.07361111,"3763-3-1, Pellegrini","Hoja 3763-3, Pellegrini",C-72,Epiacuol Tipico
Ea.San Bernardo,01/01/1900,-63.34916667,-36.56333333,"3763-9,Catrilo","Hoja 3763-9, Catrilo",C-79,Ustipsament Tipico
Ea.Santa Ana,01/01/1900,-62.12222222,-34.22250000,"3563-5-4,San Gregorio","13 Km. al NNW. de la Estacion San Gregorio, FGBM",2-C,Hapludol Entico
Ea. Tarruhe,01/01/1900,-57.34083333,-35.53250000,"3757-27-3,Laguna Mar Chiquita",4 Km. al NW de Estacion Tarruhe,8/1699-C,Argialbol Argiacuico
Egana,01/01/1900,-59.27777778,-36.78888889,"3760-17-3,Ea. San Gabriel",10 Km. al E de la Estancia San Gabriel,13/2704-C,Argiudol Tipico
El Abolengo,01/01/1900,-62.19833333,-34.24166667,"3563-5-4,San Gregorio",15 Km. al NW de la localidad de San Gregorio,3-C,Hapludol Tipico
El Arbolito,01/01/1900,-61.12638889,-33.72222222,"3360-31-2,Weelwright",7 Km. al W de la localidad de Juncal,11/1040-C,Argiudol Acuico
El Carmen,01/01/1900,-57.92916667,-36.12222222,"3757-2-1,Castelli",12 Km. al W de la localidad de Castelli,21/3238-C,Hapludol Tapto Natrico
El Carrizal,01/01/1900,-59.78361111,-38.79416667,"3960-16-1,Orense",14.5 Km. al SW de la localidad de Orense,23/594-C,Natracuol Tipico
El Cortijo,01/01/1900,-57.28055556,-35.57444444,"3557-27-3, Pipinas",10 Km. al SSE de la localidad de Pipinas,14/2169-C,Cuarzipsament Tipico
El Destino,01/01/1900,-57.50833333,-35.05555556,"3557-20-2,Magdalena",3 Km. al NNE de la localidad de Magdalena,9/2315-C,Natracuol Tipico
El Gavilan,01/01/1900,-61.21666667,-38.41444444,"3960-7-2, La Aurora","8,5 Km. al NNW de Estancia La Aurora",25/9-C,Argiudol Tipico
El Pedernal,01/01/1900,-61.51666667,-33.75555556,"3363-36-2, El Pedernal",11 Km. al ESE de la Estacion Elortondo,6/791-C,Halacuept Molico
El Recuerdo,01/01/1900,-61.15416667,-33.75277778,"3360-31-2,Weelwright",6 Km. al NE de la localidad de Wheelwright,RP11/1039-C,Natralbol Tipico
El Tordillo,01/01/1900,-57.28555556,-36.46861111,"3757-9-1, La Victoria",6.5 Km. al NE de la localidad de Gral. Conesa,16/385-C,Natracuert Tipico
El Toro,01/01/1900,-58.72500000,-36.09000000,"3760-6-2,Ibanez",10.5 Km. al WSW de Estacion Ibanez,1/2605-C,Hapludol Tapto Argico
El Tuyu,01/01/1900,-56.72000000,-36.56166667,"3757-10-4,Santa Teresita",7 Km. al W de la localidad de Santa Teresita,16/396-C,Udipsament Tipico
El Vigilante,01/01/1900,-60.67500000,-38.45000000,"3960-8-2,Ea. La Josefina",11.8 Km. al NNE de la localidad de Irene,28/438-C,Natracuol Tipico
Elena,01/01/1900,-60.71666667,-37.36666667,"3760-26-2,Voluntad",21.5 Km. al NE de la localidad de Laprida,71-C,Natracualf Tipico
Elordi,01/01/1900,-63.18888889,-35.07638889,"3563-21-2,Gral Villegas",8 Km. al SW de Estacion Elordi,46-C,Hapludol Tapto Argico
Epecuen,01/01/1900,-62.71000000,-37.09000000,"3763-22-2,Arroyo Venado",8.5 Km. al S de Estacion Rolito,23-1295-C,Haplustol Entico
Erize,01/01/1900,-62.86166667,-37.52666667,"3763-28-3,Puan",8 Km. WNW de la localidad de Puan,23-1326-C,Argiustol Tipico
Esquina de Crotto,01/01/1900,-57.41333333,-36.22333333,"3757-3-3,Santa Lucia",3 Km. al S de Estancia Santa Lucia,16/178-C,Natracuol Tipico
Estacion 12 Octubre,01/01/1900,-60.89638889,-35.62277778,"3560-26-3,Doce De Octubre",2.5 Km. al SE de Estacion Doce de Octubre,23/516-C,Natracualf Tipico
Estacion Chas,01/01/1900,-58.55555556,-35.93000000,"3560-36-4,Estacion Chas",6.5 Km. al SSE de Estacion Chas,3/2209-C,Argiacuol Tipico
Estacion Dehenny,01/01/1900,-60.74250000,-35.43583333,"3560-26-2,Patricios",2.5 Km. al E de la localidad de Patricios,23/518-C,Natralbol Tipico
Estacion Invernadas,01/01/1900,-57.24083333,-37.06500000,"3757-21-2,Est. Juancho",10.7 Km. al SW de la localidad de Gral. Madariaga,8/2411-C,Argiacuol Abruptico
Estacion La Limpia,01/01/1900,-60.61611111,-35.10694444,"3560-20-2,Maximo Fernandez","3,5 Km. al SW de Estacion La Limpia, Ea San Francisco",23/195-C,Natracuol Tipico
Estacion La Nevada,01/01/1900,-61.96777778,-36.84722222,"3763-18-3,La Nevada",10.5 Km. al N de Estacion La Nevada,23-1306-C,Natracuol Tipico
Estacion Morea,01/01/1900,-60.81444444,-35.38083333,"3560-26-1,Nueve de Julio",9.5 Km. al NE de la localidad de Nueve de Julio,23/521-C,Hapludol Tapto Argico
Estacion Naon,01/01/1900,-61.20777778,-35.06111111,"3560-19-2,Gral.Viamonte",17 Km. al WSW de la localidad de Gral. Viamonte,23/351-C,Hapludol Tipico
Estacion Quilco,01/01/1900,-61.23527778,-37.15444444,"3760-19-2,Quilco",11.6 Km. al N de la localidad de General Lamadrid,23/805-C,Natralbol Tipico
Estacion Rivera,01/01/1900,-63.24027778,-37.23638889,"3763-21-3, Rolon",9 Km. al N de Estacion Delfin Huergo,89-C,Haplustol Entico
Estacion Yerbas,01/01/1900,-59.73388889,-36.27055556,"3760-4-4,Estacion Covello",5 Km. al S de la Estacion Covello,9/3051-C,Duracuol Natrico
Est.Gonzalez Moreno,01/01/1900,-63.38333333,-35.56722222,"3563-27,Estacion Gonzalez Moreno","3563-27, Estacion Gonzalez Moreno. Camino del Meridiano",01-C,Hapludol Cumulico
Etcheverry,01/01/1900,-58.06166667,-35.03416667,"3557-19-2,Gomez",10.3 Km. al ENE de Estacion Gomez,1/1050-,Paleudol Tipico
Faro Querandi,01/01/1900,-57.21416667,-37.44083333,"3757-27-2,Faro Querandi",9 Km. al WNW de Faro Querandi,8/1771-C,Hapludol Tipico
Faustina,01/01/1900,-60.91388889,-33.76805556,"3360-32-1,Ea. Las Gamas",11 Km. al SW del Paraje La Vanguardia,9/744-C,Natracualf Molico
Fortin Tiburcio,01/01/1900,-60.93888889,-34.37861111,"3560-8-1,Rafael Obligado",14.3 Km. al WSW de Estacion Rafael Obligado,12/788-C,Hapludol Tipico
Gelly,01/01/1900,-60.81666667,-33.55833333,"3360-26-3,Peyrano",2 Km. al SW de la localidad de Peyrano,10/936-C,Natracualf Tipico
Gonzalez Chaves,01/01/1900,-60.24166667,-38.02916667,"3960-3-2,Gonzales Chaves",11.5 Km. al W de la localidad de Gonzales Chavez,25/1289-C,Natracuol Litico
Gorostiaga,01/01/1900,-59.92083333,-35.07111111,"3560-15-4,Chivilcoy",Al N de la Estacion Ramon Biaus,4/714-C,Argialbol Argiacuico
Gowland,01/01/1900,-59.91388889,-34.45138889,3560-10-1 Carmen de Areco,8 Km. al ENE de la localidad de Tres Sargentos,12-772-C,Natracualf Tipico
Goyeneche,01/01/1900,-58.63305556,-36.95388889,"3560-36-4, Estacion Chas",8.5 Km. al SSW de Estacion Chas,3-2210-C,Argialbol Tipico
Gral. Conesa,01/01/1900,-57.18388889,-36.95388889,3757-9-2 Ea. Rincon de Ajo,23 Km. al N de la localidad de Gral. Conesa.  Ea. Santa Clara,16-389-C,Natracuerts Tipico
Gral.Guido,01/01/1900,-58.13333333,-36.98333333,3757-13-4 Labarden,5.7 Km. al SW de Estacion Labarden,21-202-C,Natracuol Tipico
Gral.Lavalle,01/01/1900,-57.22333333,-36.63777778,3757-9-4 Ea. Cari Lauquen,15 Km. al E de de la localidad Gral. Conesa,16-390-C,Natracuerts Tipico
Gral.Madariaga,01/01/1900,-57.03583333,-36.45527778,"3757-9-2, Ea. Rincon De Ajo",10 Km. al SE de la localidad de Gral. Lavalle - Ea. Rincon de Ajo,16-392-C,Natracuerts Tipico
Gral.Piran,01/01/1900,-57.60166667,-36.61250000,3757-8-4 Ea. El Socorro,1 Km. al E. de Estancia Buena Vista,6-3148 -C,Natracualf Molico
Guamini,01/01/1900,-62.37333333,-37.05166667,3763-23-1 Guamini,5 Km. al SSE de la localidad de Guamini,23-1354-C,Hapludol Entico
Guillermo,01/01/1900,-60.65000000,-37.46666667,3760-26-3 Laprida,16.3 Km. al NE de la localidad de Laprida,64-C,Hapludol Tapto argico
Henderson,01/01/1900,-61.67666667,-36.36472222,"3763-12-2,Ea. La Celina",2.7 Km. al NE. de  La Estancia  El Carmen,23/1272-C,Hapludol Acuico
Henry Bell,01/01/1900,-59.90083333,-34.86972222,3560-16-3 Gorostiaga,5 Km. al SSW de la localidad de Gorostiaga,4/382-C,Argiudol Abruptico
Huemul,01/01/1900,-60.91944444,-33.77361111,3360-32-1 Ea. Las Gamas,4 Km. al NW de Estancia El Huemul,9/748-C,Natracualf Molico
Hughes,01/01/1900,-61.37500000,-33.76111111,3360-31-1 Hughes,6 Km. al NW de la localidad de Hughes,6/1075-C,Argiudol Tipico
Ignacio Correas,01/01/1900,-57.66916667,-35.19111111,3557-20-4 Vieytes,2 Km. al WSW de la localidad de Payro,3/1108-C,Paleudol Acuico
Indacochea,01/01/1900,-60.23916667,-34.81972222,3560-15-4 Chivilcoy,10 Km. al SSW de Estacion Benitez,4/571-C,Argiudol Paquico
Ingeniero Silveyra,01/01/1900,-60.27166667,-34.62833333,3560-9-4 Rawson,4.5 Km. al E de la localidad de Rawson,13/545-C,Natracuol Tipico
Juancho,01/01/1900,-57.29500000,-37.25777778,3757-21-3 Laguna Del Maestro,7.5 Km de Estacion Macedo. Ea. Laguna del Maestro,8/2423-C,Hapludol Acuico
Juncal,01/01/1900,-61.03750000,-33.68333333,3360-32-1 Las Gamas,"4 Km. al N de  Estacion Juncal, F.C.G.S.M",9/741-C,Argiudol Tipico
Juncalito,01/01/1900,-58.18638889,-36.98527778,3757-13-4 Labarden,16 Km. aproximadamente al SW de la localidad de  Labarden,21/199-C,Natracualf Tipico
Junin,01/01/1900,-61.83333333,-34.52916667,3560-7-4 Saforcada,7.8 Km. al NW de la Estacion Saforcada,12/997-C,Hapludol Tipico
La Albina,01/01/1900,-60.42194444,-35.76777778,"3560-33-1, San Enrique",4.5 Km. al W de la localidad de San Enrique,3/1705-C,Hapludol Thapto natrico
La Alianza,01/01/1900,-58.48333333,-37.73611111,3757-31-1 Cinco Cerros,25 Km. al NW de la localidad de Balcarce Ea. El Otto,8/1351-C,Paleudol Petrocalcico
La Cesira,01/01/1900,-62.95000000,-33.86666667,3563-10 Canada Seca,12.5 Km. al N de Estacion La Cesira,,Fragiacualf Tipico
La Colina,01/01/1900,-61.48055556,-37.37916667,3760-25-1 Lastra,5.25 Km. al ESE.de Estacion La Colina,65-C,Hapludol Tipico
La Delicia,01/01/1900,-60.33333333,-37.11666667,3760-21-1 Santa Luisa,3.2 Km. al SSW. de Estancia Santa Luisa,2272-C,Paleudol Petrocalcico
La Emma,01/01/1900,-60.37222222,-36.10861111,"3760-3-1, La Francia",34.1 Km. al WSW de la localidad de Gral. Alvear,19/3-C,Natracualf Tipico
La Escocia,01/01/1900,-60.21944444,-36.69444444,3560-15-2 Est. Teniente Minana.,"24 Km. al SSW de la localidad de Olavarria, Ea. Mi Recuerdo",7/1581-C,Natrudol Petrocalcico
La Guanaca,01/01/1900,-60.08333333,-35.65972222,"3560-27-4, Pueblitos","Estancia La Guanaca,  24 Km al NE de la localidad de Mamaguita",23/183-C,Udipsament Tipico
La Guarida Del Zorro,01/01/1900,-58.82444444,-36.05777778,"3760-6-2, Ibanez",6.5 Km. al W de Estacion Ibanez,1/2603-C,Natracualf Tipico
La Laguna,01/01/1900,-57.50833333,-35.63222222,3557-26-4 Cte. Giribone,15.8 Km. al E  de la Estacion Cmdte. Giribone,9/2128-C,Argiudol Acuico
La Libertad,01/01/1900,-57.86916667,-35.54555556,3557-26-3 Laguna Yalca,"12,35 Km. al ENE de la localidad de Chascomus",1/1994-C,Natracualf Tipico
La Loma,01/01/1900,-60.81666667,-37.58333333,"3760-26-3, Laprida","3.8 Km. al SW. de la localidad de Laprida, Estancia Los Pirineos",1-C,Paleudol Petrocalcico
La Malacara,01/01/1900,-58.36750000,-38.27500000,3957-1-3 Ea. La Malacara,6 Km. al SSE de Estancia La Malacara,8/438-C,Natracuol Tipico
La Maria Luisa,01/01/1900,-60.38333333,-36.11777778,"3760-3-1, La Francia","33,8 Km. al WSW de la localidad de Gral. Alvear",C-4,Natralbol Tipico
La Nueva Esperanza,01/01/1900,-60.50000000,-37.01666667,3760-21-1 Santa Luisa,"Estancia Mataini -  8,7 Km. al W de Empalme Querandies",7/2287-C,Natrudol Tipico
La Oriental,01/01/1900,-60.83333333,-34.65555556,3560-8-3 Junin,13 Km. al SSE de Estacion Junin F.C.G.S.M.- RN 7 Km. 245,12/779-C,Argiudol Acuico
La Otomana,01/01/1900,-59.39027778,-38.60777778,3960-11-3 Energia,6.4 Km. al SSW de la localidad de Energia,25/1264-C,Hapludol Tapto argico
La Paulina,01/01/1900,-60.24166667,-35.97333333,"3560-33-4, Ea. El Chiripa",20.6 Km. al WNW de la localidad de Gral.Belgrano,3/1716-C,Natracualf Tipico
La Ponderosa,01/01/1900,-59.17444444,-38.43500000,3960-11-2 Semillero Buck,10 Km. al SSE del Cruce a Ramon Santamarina y N. Olivera,25/1271-C,Hapludol Litico
La Reforma,01/01/1900,-58.67444444,-38.20777778,3960-6-4 Tamangueyu,5 Km. al E de la localidad de Tamangueyu,23/280-C,Argiudol Acuico
La Retranca,01/01/1900,-61.11666667,-38.45000000,3960-7-2 La Aurora,1 Km. al E del casco de la Ea. Santa Rosa,25/10-C,Paleudol Petrocalcico
La Saturna,01/01/1900,-57.63555556,-35.18333333,3557-20-2 Magdalena,12.7 Km. al WSW de la localidad de Magdalena,9/2318-C,Natracualf Tipico
La Sofia,01/01/1900,-61.41111111,-33.97777778,3360-31-3 Merceditas,"9 Km al WSW de la antigua Estacion Merceditas, del F.C.G.U.",6/1074-C,Argiudol Acuico
La Tigra,01/01/1900,-60.95000000,-37.36666667,3760-26-1 Ea. La Tigra,"24.3 Km. al NW de la localidad de Laprida, Ea. El Recuerdo",80-C,Natrudol Tipico
Ea.La Victoria,01/01/1900,-57.41861111,-36.41888889,3757-9-1 Estancia La Victoria,12 Km. al E.de la localidad de Gral. Conesa,16/386-C,Natracuerts Tipico
La Zoraida,01/01/1900,-61.46666667,-33.90833333,3360-31-3 Estacion Merceditas,"9 Km. al SE de Estacion Santa Emilia, F.C.G.B.M",6/1073-C,Natralbol Tipico
Labordeboy,01/01/1900,-61.36111111,-33.77222222,3360-33-1 Hughes,4 Km. al NW de la localidad Hughes,11/1152-C,Argiudol Tipico
Laboulage,01/01/1900,-63.41666667,-34.21666667,"3563-10, Canada Seca",18.2 Km. al NE de la localidad de Villa Rossi,FALTA,Haplustol Udortentico
Laguna Blanca,01/01/1900,-57.24305556,-37.54500000,3757-27-3 Laguna Mar Chiquita,6 Km. al NE de  Estancia Romano,8/1696-C,Natracuol Tipico
Laguna Puan,01/01/1900,-62.96833333,-37.62333333,"3763-28-3, Puan",18.7 Km. al WSW de La localidad de Puan,23/1328-C,Haplustol Tipico
Laprida,01/01/1900,-60.80000000,-37.58333333,3760-26-3 Laprida,4.5 Km. al SSW de la localidad de Laprida Ea. Los Pirineos,2-C,Argiudol Tipico
Las Armas,01/12/1974,-57.46861111,-36.63500000,3757-9-3 Gral. Conesa,18 Km. al S de la localidad Gral. Conesa (Ea. La Juanita),16/384-C,Hapludol Thapto natrico
Las Gamas,01/01/1900,-60.94305556,-33.75000000,3360-32-1 Estancia Las Gamas,12 Km. al SSW de la localidad de PearSon (Ea. Las Gamas),9/743-C,Argialbol Tipico
Las Heras,01/01/1900,-58.93805556,-34.64416667,3560-12-3 Moreno,4 Km. al SE de la localidad de Gral. Rodriguez,1/543-C,Natracualf Tipico
Las Hermanas,01/01/1900,-60.80000000,-37.46666667,3760-26-1 Estancia La Tigra,"10.3 Km. al N de la localidad de Laprida, Ea. La Gloria",94-C,Natrudol Petrocalcico
Las Margaritas,01/01/1900,-60.86666667,-37.53333333,3760-26-3 Laprida,6.3 Km. al NW de la localidad de Laprida,9-C,Natracualf Litico
Las Marinas,01/01/1900,-63.08333333,-34.26666667,3563-10 Canada Seca,21.5 Km. al ESE de la localidad de Merlo,?,Argialbol Tipico
Las Martinetas,01/01/1900,-61.09083333,-37.18333333,3760-19-4 Las Martinetas,16.4 Km. al ENE de la localidad de Gral. Lamadrid,23/809-C,Hapludol Entico
Las Nutrias,18/11/1966,-60.86111111,-34.35777778,3560-8-1 Rafael Obligado,7 Km. al  W de la Estacion Rafael Obligado,12/793-C,Natracuol Tipico
Las Parvas,01/01/1900,-61.30694444,-34.31805556,3560-1-3 Gral. Arenales,2 Km. al Sur de la localidad General Arenales,8/736-C,Udortent Tipico
Lazzarino,01/01/1900,-62.05000000,-33.82111111,"Hoja 3363-36,Venado Tuerto",11.5 Km. al SW de La Ciudad de Venado Tuerto,,Hapludol Thapto natrico
Leguizamon,01/01/1900,-62.66666667,-33.70000000,"3363-34-2,Laguna Las Tunas",9 Km. al WSW Estancia Las Tunas,,Haplustol Udico
Lima,01/01/1900,-59.72916667,-34.21805556,3560-4-4 Duggan,10 Km. al W de Estacion Duggan,10/152-C,Argiacuol Vertico
Lincoln,01/01/1900,-61.42111111,-34.54388889,"3560-7-3, L.N.Alem",3 Km. al SW de la localidad de L.N. Alem,16/979-C,Hapludol Tipico
Loberia,01/01/1900,-58.66111111,-38.14388889,3960-6-2 El Moro,"8,5 Km. al SW de la Estacion El Moro",23/283-C,Argiudol Acuico
Lobos,01/01/1900,-59.48666667,-35.14472222,3560-23-1 Navarro,19.5 Km. al SW de Cruce Ruta Nacional  41 y 200,2/583-C,Hapludol Tapto argico
Los Indios,01/01/1900,-60.69305556,-34.36527778,3560-8-2 Ines Indart,3.5 Km. al Norte de la localidad de Los Indios,13/652-C,Natracuol Tipico
Los Leones,01/01/1900,-61.24444444,-33.66388889,3360-31-2 Wheelwright,17 Km. al SSW de la localidad de Alcorta,11/1414-C,Natracualf Molico
Los Mochos,22/10/1969,-58.44722222,-35.42222222,3557-19-3 Loma Verde,7.9 Km. al ENE de  Estacion Loma Verde,9/1433-C,Natracualf Tipico
Los Naranjos,01/01/1900,-57.76666667,-36.16166667,3757-2-1 Castelli,10 Km. al S de la localidad de Castelli,21/3237-C,Hapludol Tapto argico
Los Pinos,01/01/1900,-58.18722222,-37.89194444,3757-31-4 Sierra Del Volcan,16 Km. al SE de la localidad de Balcarce.,2/971-C,Argialbol Tipico
Luis Chico,01/01/1900,-57.20138889,-35.31500000,3557-21-4 Punta Indio,22 Km. al E.de la localidad de ??lvarez Jonte.,3/1273-C,Paleudol Acuico
Magdalena,01/01/1900,-57.59972222,-35.11333333,3557-20-2 Magdalena,20 Km. al W de la localidad de Magdalena,9/2310-C,Paleudol Acuico
Maipu,01/01/1900,-57.16305556,-37.05666667,3757-21-2 Est. Juancho,6.6 Km. al SW de la localidad de Gral. Madariaga (Ea. El Amanecer),8/2410-C,Hapludol Tapto argico
Maizales,01/01/1900,-60.97083333,-33.38611111,3360-26-1 Santa Teresa,7 Km. al S. de La Estacion Maizales,10/942-C,Argialbol Tipico
Mal Abrigo,01/01/1900,-56.96194444,-36.62138889,3757-10-3 Ea. El Tuyu,23 Km. al S de la localidad de Gral. Lavalle (Ea. Mal Abrigo),16/391-C,Natracuerts Tipico
Manantiales,01/01/1900,-60.66805556,-33.86388889,3360-33-1 Acevedo,15 Km. al ESE de la Estacion Acevedo,08/2-C,Natracualf Tipico
Mar Chiquita,01/01/1900,-61.09444444,-34.48777778,Hoja 3560-7-2 Fortin Tiburcio,4 Km. al SW de la Estacion Agustina F.C.G.S.M,12/1001-C,Argiudol Tipico
Mar Del Plata,01/01/1900,-57.91861111,-37.95444444,3757-32-3 Sierra De Los Padres,9.3 Km. al SSE del Paraje El Dorado,5/1005-C,Argiudol Tipico
Maria Teresa,01/01/1900,-61.66361111,-34.27972222,3563-6-4 Teodelina,13 Km. al SW de la localidad de Teodelina,?,Hapludol Tipico
Martin Colman,21/03/1972,-59.12083333,-36.44722222,3760-11-2 Martin Colman,4.5 Km. al SSE de la Estacion Martin Colman,13/1895-C,Argialbol Tipico
Mechongue,01/01/1900,-58.62916667,-38.30444444,3960-6-4 Tamangueyu,15 Km. al SE de la localidad de Tamangueyu,23/275-C,Natracuol Tipico
Melincue,01/01/1900,-61.34722222,-33.67777778,"Hoja 3360-31-1,Hughes",5 Km. al NNW de la localidad Labordeboy FCGBM,11/1146-C,Argialbol Argiacuico
Membrillar,01/01/1900,-61.47500000,-34.25000000,3560-1-3 General Arenales,12 Km. al WSW de la localidad de Arribenos,8/733-C,Hapludol Acuico
Mercedes,01/01/1900,-59.14972222,-34.57111111,3560-11-3 Mercedes,9.5 Km. al W de la localidad de Mercedes,2/200-C,Argiudol Tipico
Micaela Cascallares,01/01/1900,-60.45805556,-38.36250000,3960-9-1 Tres Arroyos,14.5 Km. al N de la localidad de Micaela Cascallares,25/1929-C,Argiudol Paquico
Minana,01/01/1900,-60.47222222,-36.67777778,3760-15-4 Sierra Chica,"4,5 Km. al W de Estancia Las Delicias",7/1412-C,Natracualf Tipico
Miranda,01/01/1900,-57.50277778,-36.83750000,3760-17 Rauch,33 Km. al W de la localidad de Rauch,13/2707-C,Hapludol Thapto natrico
Monsalvo,01/01/1900,-57.40527778,-37.11027778,3757-21-1 Gral. Madariaga,22 Km. al SW de la localidad de Gral. Madariaga (Ea. El Cardal),2415-C,Argiudol Acuico
Monte,01/01/1900,-59.67083333,-35.64666667,"3560-30-3, Videla Dorna",9 Km. al S de la Estacion Zenon Videla Dorna,29/1009-C,Hapludol Thapto natrico
Monte Flores,01/01/1900,-60.78861111,-33.02638889,"Hoja 3360-14,Rosario",3.5 Km. al W de Estacion Soldini,1/803-C,Argialbol Tipico
Moquehua,01/01/1900,-59.92111111,-35.01722222,3560-16-3 Gorostiaga,16 Km. al ESE de la localidad de Chivilcoy. Estancia Santa Brigida,3/307-C,Argialbol Tipico
Morse,01/01/1900,-61.19722222,-34.97805556,"3560-13-4, Estacion Los Toldos",1 Km. al SSW de Estacion La delfina,25/251-C,Natralbol Tipico
Napaleofu,01/01/1900,-60.41666667,-37.51666667,"3760-21-3, El Luchador",7 Km. al S. de Estacion Santa Luisa,7/2274-C,Argialbol Argiacuico
Navarro,24/10/1966,-59.15833333,-34.94416667,3560-17-4 Lozano,11.5 Km. al SSW. de Estacion Lozano,1/317-C,Argialbol Argiacuico
Necochea,01/01/1900,-58.91777778,-38.62083333,3960-12-3 Punta Negra,17.5 Km. al WSW de la localidad de Necochea,25/568 C,Argiudol Tipico
Norumbega,01/01/1900,-60.76472222,-37.47777778,"3560-26-1, Nueve De Julio",10.5 Km. al ESE de Estacion 9 de Julio,23/182-C,Hapludol Entico
Nueve De Julio,01/01/1900,-60.82861111,-35.30361111,"3560-20-3, Carlos Maria Naon",7.5 Km. al S. de Estacion Maria Naon,23/191-C,Hapludol Thapto natrico
Ochandio,01/01/1900,-59.94750000,-38.34527778,3960-10-1 Ochandio,13.5 Km. al NW de la localidad de Ochandio,23/576-C,Hapludol Tipico
Olascoaga,01/01/1900,-60.38611111,-35.41333333,"3560-20-4, Comodoro Py",6 Km. al NNW de la localidad de Comodoro Py,23/193-C,Argialbol Argiacuico
Olavarria,01/01/1900,-60.42611111,-36.94500000,"3760-15-3, Olavarria","10,5 Km. al WSW de la localidad de Olavarria y a 5 Km, Ea. Las dos Hermanas",7/1753-C,Paleudol Petrocalcico
Orense,01/01/1900,-59.66111111,-38.76861111,3960-16-1 Orense,14 Km. al SW de la localidad de Cristiano Muerto,23/619-C,Hapludol Thapto natrico
Ortiz De Rosas,01/01/1900,-60.38611111,-35.41305556,"3560-27-1, Ortiz De Rosas",1.5 Km. al SW. de Estacion Ortiz de Rosas,23/184-C,Hapludol Tapto argico
Ostende,01/01/1900,-57.33555556,-37.06472222,3757-27-3 Laguna Mar Chiquita,4 Km. al SW de Estancia San Roman,8/1695-C,Hapludol Tipico
O brien,01/01/1900,-60.67277778,-34.84722222,"3560-14-4, Warnes",11.3 Km. al W de la Estacion Warnes,25/219-C,Hapludol Cumulico
O higgins,19/08/1966,-60.71583333,-34.57000000,3560-8-4 O higgins,1.8 Km. al NW de la localidad de O higgins,10/472-C,Argiudol Tipico
Patricios,01/01/1900,-60.74444444,-37.43472222,"3560-26-2, Patricios",1.5 Km. al NW de la localidad de Patricios,23/186-C,Natralbol Tipico
Payro,01/01/1900,-57.53166667,-35.31444444,3557-20-4 Vieytes,11.2 Km. al WSW de la localidad de Vieytes,3/1116-C,Argiacuol Vertico
Pehuajo,20/06/1989,-61.81888889,-35.62833333,3563-30-3 Ancon,25 Km. al NNE de la localidad de Pehuajo,23/1252-C,Hapludol Tipico
Pergamino,24/05/1978,-60.66805556,-33.86388889,3360-32-4 Pergamino,10 Km. al SW de la localidad de Pergamino,7/334-C,Argiudol Tipico
Peyrano,01/01/1900,-60.69861111,-33.64722222,3360-26-4 El Socorro,2 Km. al NNW de Estacion El Socorro,10-684-C,Argiudol Vertico
Phajouape,01/01/1900,-63.59000000,-36.59000000,3763-15 Maza,Paraje Phajouape,86-C,Haplustol Tipico
Pichincha,01/01/1900,-62.35000000,-34.46666667,3563-11-3 Blaquier,5 Km. al S de la Estacion Pichincha,9-C,Hapludol Thapto natrico
Piedritas,01/01/1900,-62.93333333,-34.95277778,"3563-16-3, Moores","3 Km. al WNW de Estacion Morse, Ea. La Emma",53-C,Hapludol Entico
Pieres,01/01/1900,-58.57722222,-38.45138889,3960-12-2 Pieres,16.5 Km.aproximadamente al NE de Estacion Quequen,25/561-C,Argialbol Tipico
Pigue,01/01/1900,-62.54666667,-37.62305556,"3763-28-4, Alta Vista",16 Km. al ENE de Estacion Alta Vista,23/1340-C,Haplustol Cumulico
Pila,01/01/1900,-57.86833333,-36.03416667,,8 Km. al NW de la localidad de Castelli,22/1042-C,Hapludol Tapto argico
Pillahuinco,01/01/1900,-61.15638889,-38.32083333,3960-1-4 Paraje El Gavilan,15.4 Km. al NNW del Paraje. El Gavilan,25/37-C,Paleudol Petrocalcico
Pinamar,01/01/1900,-56.96805556,-36.98777778,"3757-16-3, Ea. San Jose De Las Chilcas",39.8 Km. al SSW de la localidad de Mar de Ajo,3/2399-C,Hapludert Tipico
Pipinas,01/01/1900,-57.40388889,-35.55833333,"3557-27-3, Pipinas",6 Km. al WSW de la localidad de Pipinas,14/2176-C,Argiudol Tipico
Pje.Arenas Verdes,01/01/1900,-58.52583333,-38.51750000,3960-12-4 Necochea,15.5 Km. al E de la localidad de Necochea,25/548-C,Cuarzipsament Tipico
Pje.Los Angeles,01/01/1900,-58.98888889,-38.65222222,3960-12-3  Punta Negra,24.8 Km. al SW de la localidad de Necochea,25/567-C,Hapludol Fluventico
Plomer,01/01/1900,-59.06027778,-34.72722222,3560-17-2 Plomer,8 Km. al NNW de Estacion Plomer,4/171-C,Natralbol Tipico
Poblet,01/01/1900,-57.69000000,-35.28277778,3557-20-4 Vieytes,11.6 Km. al S-SW de la localidad de Payro,3/1115-C,Natracualf Tipico
Portela,01/01/1900,-59.53194444,-33.96944444,"3360-34-4, Ireneo Portela",13 Km. al ENE de Estacion Irineo Portela,R.P. 5/135 C,Argiudol Vertico
Puan,01/01/1900,-62.97666667,-37.56166667,"3763-28-3, Puan",17.7 Km. al W de la localidad de Puan,23-1324-C,Haplustol Tipico
Pueblitos,01/01/1900,-59.83083333,-35.57888889,"3560-28-3, Saladillo",13.25 Km. al WSW de la localidad de Saladillo,5/2055-C,Argialbol Argiacuico
Punta Indio,01/01/1900,-57.20055556,-35.31611111,3557-21-4 Punta Indio,22 Km. al E de Estacion Alvarez Jonte.,3/1274-C,Hapludol Entico
Punta Medanos,01/01/1900,-57.26527778,-37.61472222,3757-27-3 Lag. Mar Chiquita,2 Km. al SE. de Estancia Roman,8/1691-C,Udipsament Tipico
Querandies,01/01/1900,-60.41666667,-37.10000000,3760-21-1 Santa Luisa,7.5 Km. de la Estancia Santa Lucia,2328-C,Natracuol Tipico
Ramallo,01/01/1900,-60.05277778,-33.68055556,3360-33-2 Perez Millan,11 Km. al NNE de la localidad de Perez Millan,6/358-C,Argiudol Vertico
Ramon Santamarina,01/01/1900,-59.48555556,-38.43027778,3960-11-1 Ramon Santamarina,13.2 Km. al W de la localidad de Ramon Santamarina,25/1265-C,Argiudol Tipico
Rancagua,01/01/1900,-60.58611111,-33.97222222,3360-33-3 Juan Anchorena,10 Km. al N de la Estacion Rancagua,Rpvi-7-C,Natracualf Tipico
Rancho Grande,01/01/1900,-61.46666667,-38.03333333,3960-1-1 Estacion Pillahuinco,13 Km. al NE de la localidad de Cnel. Pringles - Ea. La Josefina.,16/28-C,Paleudol Petrocalcico
Rauch,01/01/1900,-59.11527778,-36.76527778,"3760-17-2, Rauch","2,250 Km. al NW  Estacion Rauch",13/2701-C,Natracuol Tipico
Rawson,01/01/1900,-60.20666667,-34.60138889,"3560-9-4, Rawson.",4 Km. al ENE de Estacion San Patricio - F.C.G.-,13/537-C,Natralbol Tipico
Rincon De Lopez,01/01/1900,-57.39555556,-35.72305556,"3557-33-1, Dest. Rio Salado",2.75 Km. al NW de Almacen El Buen Descanso,10/3327-C,Argiudol Acuico
Rio Quequen,01/01/1900,-58.96805556,-38.26000000,"3960-6-3, San Jose",20 Km. al SW de la localidad de Loberia,23/294-C,Hapludol Tipico
Rio Tala,01/01/1900,-59.37638889,-33.96666667,"3360-35-3, Alsina",7 Km. al SSE de Estacion Alsina,R.P.5/134-C,Argiudol Vertico
Rojas,01/01/1900,-60.99583333,-34.13555556,"3560-2-1, Carabelas","15,5 Km. al SSW de la localidad de Carabelas",07/78-C,Argiudol Tipico
Roldan,01/01/1900,-60.92166667,-32.72416667,"3360-14-1,Santa Fe",7 Km. al N de Luis Palacios Ea. San Miguel-La Salada-Aldao,Rp.4-699-C,Argiudol Vertico
Rosales,01/01/1900,-63.10000000,-34.08333333,"3563-4, Rufino",7.75 Km. al WSE de Estancia La Oriental,,Natralbol Tipico
Saavedra,01/01/1900,-62.43388889,-37.70611111,"3763-35-1, Saavedra",9.7 Km. al NNE de la localidad de Saavedra,23/1348-C,Argiustol Paquico
Saboya,01/01/1900,-62.65333333,-34.43611111,"3560-7-2, Fortin Tiburcio",2.5 Km. al N de  la localidad de Saboya,C-13,Argiudol Tipico
Saforcada,01/01/1900,-61.08555556,-34.41388889,3560-7-2 Fortin Tiburcio,5.3 Km. al NW de Estacion Agustina F.C.G.S.M.,12/1003-C,Hapludol Entico
Saladillo,01/01/1900,-60.38888889,-35.93888889,"3560-33-3, Ea. Vallimanca",17.5 Km. al Sur de La localidad de San Enrique,3/1710-C,Hapludol Tapto Argico
Salazar,01/01/1900,-62.08333333,-36.30638889,"3763-5-4, Mones Cazon",11.5 Km. al E de la localidad de Salazar,C-2,Duracuol Natrico
San Cayetano,01/01/1900,-59.87027778,-38.68888889,"3960-16-1,Orense",8 Km. al W.de la localidad de Orense,23/599-C,Hapludol Entico
San Gabriel,01/01/1900,-60.68750000,-38.24583333,3960-2-3 Indio Rico,14.5 Km. al NE de la localidad de Indio Rico-Ea. -El Progreso-,28/609-C,Natracualf Molico
San Gregorio,01/01/1900,-62.14944444,-34.25750000,3563-5-4 San Gregorio,11.7 Km. al NW de Estacion FCBM-San Gregorio. Ea La Hermandad,2-C,Hapludol Tapto Argico
San Isidro,01/01/1900,-59.70444444,-38.35333333,3960-10-2 San Cayetano,8.5 Km. al W de la localidad de San Cayetano,23/579-C,Natracualf Tipico
San Luis Beltran,01/01/1900,-58.37083333,-35.18916667,3557-19-3 Loma Verde,9 Km. al N de Estacion Loma Verde,9/1438-C,Albacualf Vertico
San Pedro,01/01/1900,-58.86694444,-38.42194444,3960-12-1 Semillero Rita,8.3 Km. al NO del Aeroclub Necochea,25/418-C,Hapludol Cumulico
San Sebastian,01/01/1900,-59.06750000,-34.86972222,3560-16-3 Gorostiaga,5 Km. al SW de Estacion Gorostiaga,4/384-C,Natracualf Tipico
San Urbano,01/01/1900,-61.40555556,-33.62500000,3360-25-3 San Urbano,"4 Km. al NE de la Estacion San Urbano, FCGBM.",Rp.11/1340-C,Natralbol Tipico
San Vicente,01/01/1900,-58.59722222,-35.23888889,3557-19-4 Coronel Brandsen,"8,65 Km al NE de Estacion Jeppener",9/1646-C,Argialbol Tipico
Sancti Spiritu,01/01/1900,-62.08666667,-34.04583333,3563-5-2 Sancti Spiritu,14.5 Km. al ESE de la localidad Sancti Spiritu,798-C,Argialbol Tipico
Santa Ana,01/01/1900,-61.18888889,-34.35166667,3560-7-2 Fortin Tiburcio,6 Km. al N de la localidad de Fortin Tiburcio,12-993-C,Hapludol Tapto Natrico
Santa Isabel,01/01/1900,-61.60555556,-33.96305556,3363-36-4 Santa Isabel,5 Km. al Norte de la localidad de Villa Canas,6-602-C,Hapludol Tipico
Santa Lucia,01/01/1900,-60.85000000,-33.26944444,"3360-20-3, Acebal",3 Km. al SSW de la localidad de Cebal,Rp. 1/806-C,Natracuol Tipico
Santa Luisa,01/01/1900,-60.31666667,-37.18333333,3760-21-3 El Luchador,10.1 Km. al SE  de  Estacion Santa Luisa,7-2199-C,Argiudol Abruptico
Santa Paula,01/01/1900,-60.42055556,-36.16250000,"3760-3-1, Ea. La Francia",38.2 Km. al WSW de Gral. Alvear (Ea. La Francia).,19/5-C,Natrudol Petrocalcico
Santa Regina,01/01/1900,-63.19555556,-34.48194444,3563-9 Melo,7 Km. al N de la localidad de Sta. Regina. (Ea.Sta. Catalina).,26-C,Hapludol Tapto Natrico
Santa Rita,01/01/1900,-60.11388889,-35.82416667,"3560-33-2, Mamaguita",18 Km. al SE de la localidad de Mamaguita,3/1441-C,Natracuol Tipico
Santa Teresita,01/01/1900,-56.82861111,-36.54027778,3757-10-3 Santa Teresita,20 Km. al S de la localidad de Gral. Lavalle Ea. Los Linoles,16-394-C,Hapludol Tapto Argico
Estacion Santo Domingo,01/01/1900,-57.18444444,-36.95861111,3757-15-4 General Madariaga.,"6 Km. al NW de la localidad de Gral. Madariaga, Ea. El Destino.",12/3360-C,Natralbol Tipico
Segui,01/01/1900,-60.43527778,-34.90833333,3560-15-3 Coronel Mon,5 Km. al SW de la localidad de Cnel. Segui.  8/1054,8/1054-C,Hapludol Tipico
Semillero Buck,01/01/1900,-59.48777778,-38.35444444,"3960-11-2, Semillero Buck",13.4 Km. al NNE de la localidad de Ramon Santamarina,25/1268-C,Argiudol Tipico
Sierra De Los Padres,01/01/1900,-57.92916667,-37.94583333,3757-32-3 Sierra De Los Padres,6.7 Km. al S del Pje. El Dorado,5-1006-C,Hapludol Litico
Solis,01/01/1900,-59.12111111,-34.24638889,"3560-5-4, Capilla del Senor",6 Km. al NNW de la localidad de Capilla del Senor,Rp. 8/147-C,Argiudol Vertico
Sierra.Chica,01/01/1900,-60.20277778,-36.83888889,3760-15-4 Sierra Chica,4 Km. al SSW de Estacion Tte. Cnel. Minana,7/1412-C,Natrudol Petrocalcico
Suipacha,15/09/1966,-59.69638889,-34.67416667,3560-10-4 Franklin,5.3 Km. al SSW de Estacion Franklin (F.C.G.S.M.).,12/778-C,Argialbol Tipico
Tamangueyu,01/01/1900,-58.59777778,-38.32055556,3960-6-4 Tamangueyu,10 Km. al E de la localidad de Pieres,23/273-C,Natracuol Tipico
Tambo Nuevo,01/01/1900,-60.55416667,-33.95138889,3360-32-4 Pergamino,Campo Experimental del INTA (Seccion Suelos),6/1035-C,Argialbol Argiacuico
Tandil,01/01/1900,-59.47250000,-37.28333333,3760-23-3 Gardey,10 Km. al Este de la localidad de Gardey Estancia El Perdido,12/2427-C,Argiudol Tipico
Tandileufu,01/01/1900,-58.87777778,-37.15416667,3760-24-1 Estancia La Barrancosa,Estancia Santa Marta.,12/2963-C,Natralbol Tipico
Ea.Tarrhue,01/01/1900,-57.34083333,-35.53250000,3757-27-3 Laguna Mar Chiquita,4 Km. al NW de Estancia Tarruhe,8/1699-C,Argialbol Argiacuico
Tatay,01/01/1900,-59.61666667,-34.45277778,3560-10-2 Salto,"4.5 Km. al Sudeste de Estacion Heavy, F.C.G.U",Rp.12/301-C,Natracuol Tipico
Tecua,01/01/1900,-60.56666667,-37.38333333,3760-26-2 Voluntad,28 Km. al NE de la localidad de Laprida. Ea. La Gauchita,60-C,Natralbol Tipico
Teodelina,01/01/1900,-61.24722222,-34.22222222,3560-1-4 Ascension,"1 Km. al NO de Estacion Ham, F.C.G.S.M",Rp. 8/750-C,Hapludol Tipico
Tomas Jofre,01/01/1900,-59.37777778,-34.78611111,3560-17-1 Tomas Jofre,11 Km. al NE de Estacion Tomas Jofre,2/478-C,Argiacuol Tipico
Tres Arroyos,01/01/1900,-60.46472222,-38.34444444,3960-9-1 Tres Arroyos,13 Km. al NW de la localidad deTres Arroyos,25/1953-C,Paleudol Petrocalcico
Tres Esquinas,01/01/1900,-59.97138889,-37.19361111,3760-22-3 Chillar,13 Km. al N  Estacion Chillar (Ea. Manantiales).,2/1544-C,Argiudol Tipico
Tres Lomas,01/01/1900,-63.38722222,-37.24333333,"3763-21-3, Rolon",13 Km. al WSW de la localidad de Rivera,93-C,Haplustol Litico
Tronconi,01/01/1900,-58.89250000,-35.82750000,"3560-36-1, Gorchs",17.7 Km. al SSE de Estacion Gorchs,3/1993-C,Duracuol Natrico
Tuyuti,01/01/1900,-59.17027778,-36.30861111,3760-5-4 Arroyo Gualicho,32 Km. al S de la localidad de Las Flores,14/2641-C,Natracualf Tipico
Udaondo,01/01/1900,-58.98333333,-35.25000000,3560-24-3 Abbott,20 Km. al NNW de la localidad de Abbott,14/1828-C,Hapludol Tapto Argico
Uriburu,01/01/1900,-63.70805556,-36.51138889,"3763-8, Lonquimay.Pcia.La Pampa (Limite)",Limite con La Pampa,,Haplustol Entico
Urquiza,01/01/1900,-60.33611111,-33.89861111,3360-33-3 Juan Anchorena,5 Km. al NE de la localidad de Juan Anchorena (Est. Urquiza),5/219-C,Paleudol Tipico
Valeria Del Mar,01/01/1900,-57.29138889,-37.60333333,3757-27-3 Laguna Mar Chiquita,8.2 Km. al W Cruce Ruta 11 y Canal 7.,8/1690-C,Hapludol Acuico
Vedia,01/01/1900,-61.41194444,-34.91750000,3560-13-3 Bayauca,10.5 Km. al SW de Estacion Bayauca,2703-C,Natracualf Tipico
Veinticinco De Mayo,01/01/1900,-60.53500000,-37.53527778,3560-26-4 Dudignac,"3,25 Km. al NE de Estacion Morea",23/185-C,Udipsament Tipico
Venado Tuerto,01/01/1900,-61.86666667,-33.73888889,3363-36-1 Venado Tuerto,9 Km. al ENE de la localidad de Venado Tuerto,6/749-C,Hapludol Tipico
Veronica,01/01/1900,-57.34638889,-35.30166667,3557-21-3 ??lvarez Jonte,15 Km. al NW de la localidad de Veronica,3/1268-C,Hapludert Tipico
Vichahuel,01/01/1900,-58.73611111,-36.27111111,3760-6-4 Casalins,"17,2 Km. al WNW de Estacion Casalins",1/2614-C,Natracuol Tipico
Videla Dorna,01/01/1900,-58.52194444,-35.60361111,3560-30-4 Ea. La Benquerencia,10 Km. al ESE de Estancia La Benquerencia,13/2302-C,Argialbol Argiacuico
Vieytes,01/01/1900,-57.35138889,-35.30055556,3557-21-3 ??lvarez Jonte,"9,8 Km. al ENE de Estacion Alvarez Jonte",3/1267-C,Natracuert Tipico
Villa,01/01/1900,-59.25722222,-38.42555556,3960-11-1 Ramon Santamarina,7 Km. al ENE de Estacion  R. Santamarina,25/1269-C,Hapludol Cumulico
Villa Canas,01/01/1900,-61.66583333,-33.96916667,3563-6-2 Villa Canas,7 Km. al NW de la localidad de Villa Canas,Rp. 11-828-C,Hapludol Cumulico
Villa Gesell,01/01/1900,-57.26416667,-37.61555556,3757-27-3 Lag. Mar Chiquita,2 Km. al SE de Estancia Romano,8/1692-C,Udipsament Acuico
Villa Moll,01/01/1900,-59.72444444,-35.14083333,3560-22-2 Villa Moll,3.4 Km. al ESE Estacion Moquehua FCGB Ea. Santa Maria,14/436-C,Natralbol Tipico
Villa Roch,01/01/1900,-57.03694444,-36.41861111,3757-9-1 Ea. La Victoria,10 Km. al SE de la localidad de Gral. Conesa (Ea. La Esperanza),16/383-C,Hapludol Fluventico
Villa Rossi,01/01/1900,-63.26666667,-34.30000000,"3563-10, Canada Seca",41.2 Km. al ESE de la localidad de Melo,,Natracualf Tipico
Villada,22/08/1967,-61.05555556,-33.42777778,3360-25-2 Bigand,10 Km. al SE de la localidad de Bigand,9-952-C,Natracuol Tipico
Wheelwright,01/01/1900,-61.26250000,-33.68333333,3360-31-1 Weelwrghit,12 Km. al NNW de Estacion Wheelwright,11-1147-C,Natralbol Tipico
Zapiola,01/01/1900,-59.77722222,-34.83083333,3560-16-4 Juan J. Almeyra,9.6 Km. al SW de Estacion Suipacha.,14/360-C,Natracualf Tipico
Zavalla,01/01/1900,-60.82833333,-32.95416667,3360-14-3.,7.5 Km. al SW de la localidad Dean Funes,4/705-C,Natracualf Tipico
